{
    "train_loss": [
        0.8243526482653292,
        0.41242986708566653,
        0.3382516240188367,
        0.29663343326096686,
        0.2667247408723043,
        0.24288603241541756,
        0.22049850254161957,
        0.2033364581587703,
        0.18696890190756466,
        0.1723516506301483,
        0.16172003205035687,
        0.1502956665760131,
        0.14180131262007303,
        0.13637057512556744,
        0.13443338100665297
    ],
    "train_acc": [
        0.7915662167656372,
        0.8949012489191496,
        0.9129421465833673,
        0.9233583957029393,
        0.9303731868912163,
        0.9359792934816842,
        0.9414966414897699,
        0.9455881258195853,
        0.9489265937891898,
        0.9528606032147786,
        0.9552055476977169,
        0.95783681018834,
        0.9602590605333532,
        0.9612983949012489,
        0.9620256426407683
    ],
    "val_loss": [
        0.35312324152194424,
        0.265477951006189,
        0.24170055728058673,
        0.21991945734866597,
        0.21008741711924134,
        0.20059639939740817,
        0.19385391576960775,
        0.19021493438178616,
        0.18651420648541708,
        0.18537339021935148,
        0.1781017908345076,
        0.17981975536891942,
        0.17788275595605313,
        0.17704499935373372,
        0.17689797326620857
    ],
    "val_acc": [
        0.9126142428476532,
        0.9341228210825298,
        0.9409945713173146,
        0.9458277023157798,
        0.9481182857273748,
        0.9505921158118973,
        0.9518748425223904,
        0.9533637217399271,
        0.9555626818150583,
        0.9554939643127105,
        0.9567537851890877,
        0.9572577135396385,
        0.9578074535584213,
        0.9578761710607692,
        0.9574638660466821
    ]
}