{
    "train_loss": [
        1.5663973563106348,
        0.9606638170303182,
        0.8466044654660191,
        0.7834370142179178,
        0.7443889948070472,
        0.7154058881262515,
        0.6903246566336205,
        0.6707441695193027,
        0.6499970017172766,
        0.6409882620294043,
        0.6241257612586867,
        0.612163494791545,
        0.606864560707241,
        0.5912184682720942,
        0.5812394518378778,
        0.5721493058593561,
        0.5679635643536317,
        0.5591323754043444,
        0.551692810802595,
        0.5418095209497087,
        0.5383085503223094,
        0.530962328750191,
        0.5278576636145301,
        0.5235404452533586,
        0.5179947169114512,
        0.5184774528158472,
        0.5129622026115445,
        0.5137680942707873,
        0.511298318788515,
        0.5085434505702756
    ],
    "train_acc": [
        0.5384308510638298,
        0.6905363475177305,
        0.7217531028368794,
        0.7411458333333333,
        0.7516289893617021,
        0.7599179964539007,
        0.7702238475177305,
        0.7756870567375886,
        0.7816378546099291,
        0.7845855496453901,
        0.788530585106383,
        0.7914339539007093,
        0.7947916666666667,
        0.7990359042553191,
        0.8007203014184398,
        0.8033687943262411,
        0.8061724290780142,
        0.8089428191489362,
        0.8102504432624114,
        0.8114361702127659,
        0.8138741134751774,
        0.8154033687943263,
        0.8173204787234043,
        0.8200132978723405,
        0.820456560283688,
        0.8207114361702128,
        0.8230607269503546,
        0.8224290780141844,
        0.8225953014184397,
        0.8246121453900709
    ],
    "val_loss": [
        0.6160035674453627,
        0.5124441569578563,
        0.4789663165173632,
        0.4535870038871224,
        0.4775015737993497,
        0.40539696892948013,
        0.40705831968192513,
        0.402026718474449,
        0.3969726393408809,
        0.3873711788907964,
        0.3938753109451727,
        0.39156707559071535,
        0.3824981387625349,
        0.3694869526734589,
        0.3711193791940703,
        0.3633215957922293,
        1.6113260860984207,
        0.3595758836320106,
        0.3602260226053549,
        0.363169945216348,
        0.3501640944616169,
        0.3556811321711709,
        0.3505079350150223,
        0.35686615308125813,
        0.3503692624416757,
        0.34909531448749787,
        0.34636374487944527,
        0.34670745379535867,
        0.3466363089304444,
        0.34683000398865826
    ],
    "val_acc": [
        0.7957446808510639,
        0.8212322695035461,
        0.8329787234042553,
        0.8400265957446809,
        0.8364804964539007,
        0.8574024822695036,
        0.856427304964539,
        0.8588209219858156,
        0.8612145390070922,
        0.8649822695035461,
        0.858554964539007,
        0.8580673758865248,
        0.8656471631205673,
        0.8700354609929078,
        0.8695921985815603,
        0.8714095744680851,
        0.5932624113475178,
        0.8717641843971631,
        0.8726507092198581,
        0.8722960992907801,
        0.8746897163120567,
        0.8734485815602837,
        0.8758421985815603,
        0.8732712765957447,
        0.875886524822695,
        0.8757535460992908,
        0.8776595744680851,
        0.8773492907801419,
        0.8773492907801419,
        0.8771719858156029
    ]
}