{
    "train_loss": [
        1.5077337750295323,
        0.7646768822726833,
        0.5923522555616683,
        0.4951382575786076,
        0.4346183226115869,
        0.38056874396819,
        0.32840101327554583,
        0.2819302052819377,
        0.2369581867548278,
        0.19424080089637497,
        0.16051407020226463,
        0.13121179360253926,
        0.11107793057490367,
        0.09731776136168668,
        0.08988288515120184
    ],
    "train_acc": [
        0.580641466864417,
        0.7836380711328458,
        0.8317051382629659,
        0.85885953811179,
        0.8751853909099759,
        0.8895728707961359,
        0.9031013966592415,
        0.9156134935950662,
        0.9284949407608042,
        0.9403943171601835,
        0.9501119503410047,
        0.9589963981194634,
        0.9654585955529087,
        0.9701255790781705,
        0.9724046704193413
    ],
    "val_loss": [
        0.9458761790135309,
        0.7354933416793991,
        0.5770678418938773,
        0.5681665705815891,
        0.7082471969072661,
        0.4429942015167239,
        0.4498555930221059,
        0.39648380664171673,
        0.3927189514280215,
        0.38043666749269023,
        0.3823008196252253,
        0.38533086767804375,
        0.3856129216936753,
        0.3896737603757096,
        0.3926347337307685
    ],
    "val_acc": [
        0.7297569691000297,
        0.791121698696658,
        0.8371624252697162,
        0.838628398653137,
        0.8009941132006322,
        0.8767895182903085,
        0.8768353299585404,
        0.8938772705408068,
        0.8966030648006047,
        0.9013445724626062,
        0.9044597659023753,
        0.9071397484939414,
        0.9096822960808117,
        0.9101175069290148,
        0.9105527177772179
    ]
}