{
    "train_loss": [
        1.5810077418672277,
        0.8985656313016905,
        0.7786792378053597,
        0.7236209080574361,
        0.6819975584534043,
        0.6541715980844295,
        0.6313248448338069,
        0.6170036806282422,
        0.596309277225048,
        0.5803525809700607,
        0.5647872395971988,
        0.545914474827178,
        0.5354371255171214,
        0.5252979651410529,
        0.5179539493635191,
        0.4993539607693963,
        0.4886782557406324,
        0.4719853247733826,
        0.4669540876192404,
        0.45710616039891616,
        0.44743931754261046,
        0.437739738166755,
        0.431761671127157,
        0.42255575897845815,
        0.4189083697313958,
        0.4155530592862596,
        0.4130310257487263,
        0.40785379477426514,
        0.4074043296753092,
        0.4044825331116399
    ],
    "train_acc": [
        0.5292774822695036,
        0.7016511524822695,
        0.7362699468085107,
        0.7522273936170213,
        0.76583554964539,
        0.7728723404255319,
        0.779864804964539,
        0.784375,
        0.789738475177305,
        0.7936170212765957,
        0.7990359042553191,
        0.8048537234042553,
        0.8089871453900709,
        0.8102061170212767,
        0.8125997340425531,
        0.8191267730496454,
        0.8214206560283688,
        0.8259530141843971,
        0.8277593085106383,
        0.8300310283687943,
        0.8337987588652482,
        0.8369570035460993,
        0.8373448581560283,
        0.841300975177305,
        0.8413563829787234,
        0.8435837765957447,
        0.8448914007092199,
        0.8454787234042553,
        0.8466312056737588,
        0.8471852836879432
    ],
    "val_loss": [
        0.7149331537544305,
        0.5479063433112827,
        0.5234836422805245,
        0.4885321728726651,
        0.48860891795327477,
        0.45714388138858986,
        0.46720613308832154,
        0.4344388815105384,
        0.4541735936563911,
        0.42701918123461674,
        0.4286456639039601,
        0.3986931357823365,
        0.4104864123865222,
        0.41392309378224906,
        0.3870503177456822,
        0.38283134390276374,
        0.38464848390707734,
        0.38739089023136924,
        0.3642666443442622,
        0.38236236741356816,
        0.3675111196142562,
        0.3605113670335594,
        0.3523701100061971,
        0.3515526626549714,
        0.3467542640072234,
        0.34831921458244325,
        0.3455758801588775,
        0.3455177905923086,
        0.34534530347966136,
        0.3445697524657486
    ],
    "val_acc": [
        0.7532801418439716,
        0.8066489361702127,
        0.8147606382978724,
        0.8207446808510638,
        0.825177304964539,
        0.8337765957446809,
        0.8282801418439716,
        0.8452127659574468,
        0.8372783687943263,
        0.8428191489361702,
        0.8464095744680851,
        0.8503102836879433,
        0.850531914893617,
        0.844459219858156,
        0.8583776595744681,
        0.8603280141843972,
        0.8593085106382978,
        0.855008865248227,
        0.8665336879432625,
        0.8604609929078014,
        0.863031914893617,
        0.8667553191489362,
        0.8731826241134751,
        0.8706117021276596,
        0.8735815602836879,
        0.8731382978723404,
        0.8742021276595745,
        0.8746010638297872,
        0.874113475177305,
        0.8743351063829787
    ]
}