{
    "train_loss": [
        1.0012294202408891,
        0.6713239354867462,
        0.5982509655309907,
        0.5609526372124963,
        0.536182523746017,
        0.5143924433711573,
        0.49723857087446444,
        0.4813871554449095,
        0.45967096811067976,
        0.4563911306308516,
        0.4388736500807688,
        0.4310239283328361,
        0.41575416058090564,
        0.40839620775787544,
        0.39773545643539293,
        0.38909747583646304,
        0.38227405313481677,
        0.37006472099757365,
        0.36592076469397716,
        0.3560526103838116,
        0.34839930834499655,
        0.34004370007954593,
        0.3367569984696436,
        0.33068133550332796,
        0.3267884667249436,
        0.3206980909227479,
        0.3167372724265917,
        0.31235683644916995,
        0.3110953174055891,
        0.31361882215273296
    ],
    "train_acc": [
        0.6801529255319149,
        0.7707890070921986,
        0.7923869680851063,
        0.8045212765957447,
        0.8117686170212766,
        0.8170656028368795,
        0.8237145390070922,
        0.8276152482269503,
        0.8332779255319149,
        0.8338874113475178,
        0.8400376773049646,
        0.842043439716312,
        0.8464428191489362,
        0.848614804964539,
        0.8516179078014184,
        0.8544437056737588,
        0.8563940602836879,
        0.8598958333333333,
        0.8608266843971631,
        0.8651152482269504,
        0.8656471631205673,
        0.8693927304964539,
        0.8700797872340426,
        0.8712101063829787,
        0.8724179964539007,
        0.8748448581560284,
        0.8768395390070922,
        0.8766954787234043,
        0.8777925531914894,
        0.8767841312056738
    ],
    "val_loss": [
        0.5159296201475969,
        0.459207280899616,
        0.4601091776333802,
        0.4109273295030526,
        0.38981098604540454,
        0.41465714311768825,
        0.39681740745585015,
        0.39020728722531745,
        0.38428437849308583,
        0.36492193975347154,
        0.34260328344419494,
        0.3298362419537619,
        0.3592166760289077,
        0.32896815487679015,
        0.342178127909383,
        0.3192249528905179,
        0.32675826312802364,
        0.3201018844935911,
        0.3174684000353441,
        0.31447276511090866,
        0.31493855461161185,
        0.30981540637658844,
        0.3186523421436337,
        0.30849119773570527,
        0.3050672504284703,
        0.3064283124943997,
        0.3066879030237807,
        0.3040576143890408,
        0.3032519465431254,
        0.3030378466379558
    ],
    "val_acc": [
        0.8184840425531915,
        0.8334219858156028,
        0.8320921985815602,
        0.8551418439716312,
        0.862145390070922,
        0.8531471631205674,
        0.8628102836879432,
        0.8587765957446809,
        0.8648936170212767,
        0.8676418439716312,
        0.8764627659574468,
        0.880895390070922,
        0.8707446808510638,
        0.8773492907801419,
        0.874822695035461,
        0.885549645390071,
        0.8801861702127659,
        0.8813386524822695,
        0.8840868794326241,
        0.8836436170212766,
        0.8846631205673758,
        0.8857712765957447,
        0.8834663120567375,
        0.8862145390070922,
        0.8896719858156028,
        0.8870567375886524,
        0.8884308510638298,
        0.8881205673758865,
        0.8893173758865248,
        0.8891400709219858
    ]
}