{
    "train_loss": [
        0.6341896601085159,
        0.34521803630537595,
        0.2728488813333351,
        0.22764728363662892,
        0.19146498265869785,
        0.15489064624528992,
        0.1290670659572328,
        0.10049776989174368,
        0.0781563077167603,
        0.05784337609110928,
        0.042626460862169216,
        0.030580774676587066,
        0.022231182696616694,
        0.01740071376873559,
        0.01479150288389265
    ],
    "train_acc": [
        0.8312871139717461,
        0.9087848091117843,
        0.9271120247836867,
        0.9389312321409142,
        0.9484398531761257,
        0.9571925946710492,
        0.963835172449336,
        0.9711677766261432,
        0.9772749397300594,
        0.9827579295772229,
        0.9872645750181812,
        0.9911012363211572,
        0.993437591263865,
        0.9948577285819814,
        0.9956794612640367
    ],
    "val_loss": [
        0.42132940051001705,
        0.39899216830180223,
        0.2913258865673281,
        0.2556597219830561,
        0.22775238895362604,
        0.22684296333297227,
        0.2240135408885879,
        0.22836186616898108,
        0.24129019379021455,
        0.25858287811743497,
        0.2886291920516189,
        0.3285941451656198,
        0.362755876483424,
        0.4004810338704938,
        0.41231104484782843
    ],
    "val_acc": [
        0.887417825320109,
        0.895595208099503,
        0.9237922898962365,
        0.9333669285567034,
        0.9412236296584741,
        0.9424834505348513,
        0.9425292622030831,
        0.9449572806193738,
        0.9459651373204755,
        0.9456215498087363,
        0.9463545365004467,
        0.9468355590168815,
        0.9471562406945049,
        0.9480953798932588,
        0.9485764024096938
    ]
}