{
    "train_loss": [
        0.5637229953040468,
        0.3735545993062621,
        0.32531253902624685,
        0.2957582025663227,
        0.25959701180880795,
        0.22937983700358275,
        0.20386141015494125,
        0.1766527899085207,
        0.15415494062587726,
        0.13991456589800247
    ],
    "train_acc": [
        0.8158577127659574,
        0.8680629432624114,
        0.8827681737588653,
        0.8901595744680851,
        0.9023825354609929,
        0.9107934397163121,
        0.9190381205673759,
        0.9281471631205673,
        0.9364472517730497,
        0.9424756205673759
    ],
    "val_loss": [
        0.41179878593336605,
        0.37403731295403014,
        0.38276632821306267,
        0.32999152680660815,
        0.31891150914185434,
        0.3000110255910995,
        0.2880415057670986,
        0.2939530000407645,
        0.3049713868198665,
        0.306259593177349
    ],
    "val_acc": [
        0.8572695035460993,
        0.874468085106383,
        0.8694148936170213,
        0.8861258865248227,
        0.8896276595744681,
        0.894991134751773,
        0.900177304964539,
        0.9015514184397163,
        0.9036347517730496,
        0.9036347517730496
    ]
}